{
  "session_info": {
    "start_time": "2025-09-25T17:03:37.741148",
    "algorithm": "RSNG",
    "pde_type": "heat",
    "spatial_points": 50,
    "time_span": [
      0.0,
      0.1
    ]
  },
  "training_history": {
    "residual_loss": [
      3.409427630704189e-08,
      3.409427630704189e-08,
      3.409257160743244e-08,
      3.409257160743244e-08,
      3.408745767907262e-08,
      3.408745767907262e-08,
      3.407893503335102e-08,
      3.407893503335102e-08,
      3.406700452252511e-08,
      3.406700452252511e-08,
      3.405166733963601e-08,
      3.405166733963601e-08,
      3.403292501838925e-08,
      3.403292501838925e-08,
      3.401077943300132e-08,
      3.401077943300132e-08,
      3.398523279801232e-08,
      3.398523279801232e-08,
      3.3956287668064446e-08,
      3.3956287668064446e-08,
      3.392394693764659e-08,
      3.392394693764659e-08
    ],
    "solution_error": [
      9.994862160134232e-09,
      9.994862160134232e-09,
      9.989930327414243e-09,
      9.989930327414243e-09,
      9.975139603213279e-09,
      9.975139603213279e-09,
      9.950504642475266e-09,
      9.950504642475266e-09,
      9.916049703573293e-09,
      9.916049703573293e-09,
      9.871808814843064e-09,
      9.871808814843064e-09,
      9.817825663560598e-09,
      9.817825663560598e-09,
      9.754153540431076e-09,
      9.754153540431076e-09,
      9.680855173055392e-09,
      9.680855173055392e-09,
      9.5980030034859e-09,
      9.5980030034859e-09,
      9.505678799648365e-09,
      9.505678799648365e-09
    ],
    "parameter_norm": [
      0.7080558682162792,
      0.7080558682208943,
      0.7080558682255087,
      0.7080558682301223,
      0.7080558682347347,
      0.7080558682393451,
      0.7080558682439532,
      0.7080558682485585,
      0.7080558682531605,
      0.7080558682577589,
      0.7080558682623533
    ],
    "time_steps": [
      0.0,
      0.01,
      0.02,
      0.03,
      0.04,
      0.05,
      0.060000000000000005,
      0.07,
      0.08,
      0.09,
      0.09999999999999999
    ],
    "iterations": [
      1,
      1,
      2,
      2,
      3,
      3,
      4,
      4,
      5,
      5,
      6,
      6,
      7,
      7,
      8,
      8,
      9,
      9,
      10,
      10,
      11,
      11
    ],
    "convergence_rate": [
      0.0,
      -2.171508601688839e-05,
      0.0,
      -6.514960157462855e-05,
      0.0,
      -0.00010859715118000843,
      0.0,
      -0.00015206643579019965,
      0.0,
      -0.0001955661737712971,
      0.0,
      -0.0002391051079025227,
      0.0,
      -0.0002826920124241433,
      0.0,
      -0.00032633570013654485,
      0.0,
      -0.0003700450295676189,
      0.0,
      -0.00041382891221627673,
      0.0
    ],
    "sparse_efficiency": [
      0.7530864197530864,
      0.7530864197530864,
      0.7530864197530864,
      0.7530864197530864,
      0.7530864197530864,
      0.7530864197530864,
      0.7530864197530864,
      0.7530864197530864,
      0.7530864197530864,
      0.7530864197530864,
      0.7530864197530864
    ],
    "computation_time": [
      0.0001690387725830078,
      0.00010895729064941406,
      0.000102996826171875,
      0.00012683868408203125,
      0.00010704994201660156,
      0.0001010894775390625,
      0.00010013580322265625,
      9.918212890625e-05,
      0.00011014938354492188,
      9.894371032714844e-05,
      0.00011396408081054688
    ]
  },
  "summary_statistics": {
    "residual_stats": {
      "initial": 3.409427630704189e-08,
      "final": 3.392394693764659e-08,
      "min": 3.392394693764659e-08,
      "mean": 3.4034644031288456e-08,
      "reduction_ratio": 1.0050209184004553
    },
    "error_stats": {
      "final": 9.505678799648365e-09,
      "min": 9.505678799648365e-09,
      "mean": 9.823164675621337e-09
    },
    "efficiency_stats": {
      "total_time": 0.0012383460998535156,
      "avg_time_per_step": 0.00011257691816850142,
      "total_steps": 11
    },
    "convergence_achieved": "True"
  }
}